Segment,Accuracy,Precision,Recall,F1,ROC_AUC
2,0.9655172413793104,1.0,0.75,0.8571428571428571,1.0
1,0.9117647058823529,0.6666666666666666,0.5,0.5714285714285714,0.9583333333333334
0,0.9736842105263158,0.0,0.0,0.0,1.0
